doi,abstract,participatory_method,participatory_method_rationale,green_infrastructure_intervention,green_infrastructure_rationale,rating
10.1016/j.ufug.2024.128633,"The use of large green infrastructures in peri-urban areas, such as urban forests, has become one of the most relevant tools to mitigate some of the negative impacts of urbanization while providing multiple benefits to city dwellers. However, these peri-urban forests are often highly contested spaces. Agroforestry offers a promising solution to reconcile diverging interests in the peri-urban context. In this study, we look at the Maamora cork oak forest in Morocco, which exemplifies some of the challenges faced by large-scale green infrastructures that become enmeshed in rapid urbanization. We explore these dynamics and (1) map how local residents perceive a peri-urban agroforest, (2) characterize groups of residents according to their perceptions, and (3) disentangle preferences for the development of green infrastructure. To do this, we conducted 278 participatory mapping interviews in three urban and three rural settlements around Maamora, mapping urban and rural residents' uses, values, disvalues, and development preferences. Our results show how urban agroforestry could reconcile multiple demands in peri-urban green spaces. However, our analysis reveals contrasting development preferences between rural and urban residents and points to a growing disconnection from nature among urban dwellers, which risks marginalizing diverse perspectives from those residents more closely connected to the landscape. Our analysis also highlights the importance of exploring disvalues for a better recognition of the plural values of nature and to identify potential conflicts in the context of urban and rural planning.",true,"Utilizes 278 participatory mapping interviews to capture uses, values, disvalues and development preferences among urban and rural residents.",true,Focuses on peri-urban agroforestry as a form of green infrastructure and analyzes preferences for its development through participatory mapping.,3
10.1111/conl.13079,"Maintaining ecological connectivity is crucial for biodiversity, yet effectively managing interconnected areas through actor collaboration is challenging. This study examines collaboration through social-ecological fit in interconnected aquatic “blue” and terrestrial “green” areas, encompassing natural and semi-natural elements, in human-dominated landscapes. Combining species distribution models and connectivity analyses focused on declining amphibians and survey data on actors' area management and collaboration within interconnected areas, we create a spatially explicit social-ecological network that we analyze using network models. Results highlight diverse ecological dependencies shaping actor interactions. Strong collaboration is observed in interconnected blue-rural-green areas, whereas blue-urban-green areas lack collaboration, with minor rivers and urban-green spaces at the network's core plagued by social-ecological misfit. Strengthening collaboration in these areas is essential to prevent further ecological network degradation. Incorporating a spatially explicit social-ecological perspective covering diverse blue and green areas guides targeted interventions and fosters effective conservation policy and practice.",false,Uses surveys and network analysis of actors; does not describe participatory design or co-creation in the intervention process,true,Focus on interconnected blue and green areas and collaboration to guide conservation policy and targeted interventions in green/blue infrastructure networks,1
10.1007/s43762-025-00162-4,"With the orderly progression of urban renewal in China, social capital, as an important factor in analyzing the relationship between stakeholders, has once again become a key topic in urban planning research. Green spaces have proved to have a more notable impact on social capital than other built environment factors. In light of this, the present study is based on the data of 1,282 residents' questionnaire surveys conducted in Nanjing in 2022 and extracts spatial characteristic information of green space through multisource big data such as remote sensing data, street-view data, and points of interest, to investigate the influence mechanism of physical and perceived attributes of urban green space on community social capital. The study found that there are differences in the influence mechanisms and dimensions of these dual attributes of green space on social capital. The direct effect of perceptual attributes is more substantial, while physical attributes almost exclusively affect social capital indirectly through the perception of green space. Notably, among the physical attributes, only the total coverage of neighborhood vegetation has a considerable direct effect on neighborhood relations, whereas community sentiment, a willingness to participate, and larger and more aggregated green spaces do not enhance community social capital effectively. Lastly, community social capital is affected substantially by exogenous variables of socioeconomic attributes, and there is group differentiation. Results reveal the direction of renewal and optimization of urban green spaces from the perspective of promoting social capital, which provides a reference for the synergistic and high-quality development of the community's physical and nonphysical environments.",false,The study uses residents' questionnaires and data analysis but does not describe participatory planning or co-design processes.,false,Analysis of the effects of existing green spaces on social capital without reporting an implementation/intervention.,1
10.3390/land14020230,"Urban green infrastructures (UGIs) are important elements of the urban matrix providing ecological functions and several ecosystem services beneficial to citizens. Recently, their contribution to the well-being and quality of life of citizens has been widely recognized by both the scientific community and policymakers. This study aims to explore the social relevance of UGI ecosystem services through a mixed qualitative-quantitative case study approach. First, a quantitative literature review was conducted using bibliometric network analysis, followed by a participatory process through a Scientific Caf & eacute; with a sample of Italian stakeholders involved in the UGIs' planning and management. The bibliometric network analysis identified 443 documents (from 2000 to 2024) primarily focused on three ecosystem services provided by UGIs-climate change mitigation, biodiversity conservation, and cultural services, such as health benefits, aesthetic, and recreation. The qualitative results of Scientific Caf & eacute; highlight a particular interest of stakeholders in cultural services such as physical and mental benefits provided by UGIs, as well as improving the urban aesthetic value. Additionally, the role of UGIs in microclimate regulation and heat mitigation was emphasized. The combined analysis of perspectives from the scientific community, policy-makers, stakeholders, and citizens provides a foundation for developing a participatory governance approach to UGIs.",true,Participatory Cafè with stakeholders in UGIs planning and management; mixed-methods design including qualitative participation and bibliometric analysis,false,Discusses urban green infrastructure ecosystem services and governance without reporting a new GI implementation project,1
10.1016/j.landurbplan.2024.105220,"Urban green space (UGS) plays a vital role in enhancing the resilience and livability of cities. However, the distribution and accessibility of these spaces often vary significantly within and between cities, raising concerns about environmental justice and social equity. This study aims to analyze the spatiotemporal dynamics of UGS and assess population exposure and equality implications across eight diverse cities from the Global North (GN) and Global South (GS) over the past three decades. Employing a multimethod approach combining geospatial analysis, remote sensing, and statistical techniques, this study reveals an alarming global trend of decreasing UGS, with GS cities experiencing more rapid decline than GN cities. The analysis of UGS exposure uncovers distinct trends and variations across cities, with GN cities generally having higher exposure but showing a concerning decline over time, while GS cities display mixed patterns. Arid-climate cities Phoenix and Riyadh have managed to maintain low but stable UGS levels despite their unique climatic challenges. Urbanization emerges as a dominant force driving the decline in UGS, with GS cities facing significantly higher pressures than GN cities. The findings highlight the urgent need for comprehensive urban greening strategies that prioritize UGS protection and expansion, innovative policies, community engagement, and data-driven decision-making to promote equitable and sustainable urban environments. This study contributes to the growing research on urban greening by providing a comparative analysis of UGS trajectories and exposure equality implications across diverse cities, underscoring the importance of context-specific approaches and inclusive planning processes.",false,"Multimethod analysis (geospatial analysis, remote sensing, and statistics) with no explicit participatory data collection or engagement described.",false,Analysis of urban green space trajectories and exposure; no deployment or evaluation of a concrete green infrastructure intervention.,1
10.1016/j.landurbplan.2024.105233,"Introduction: During the COVID-19 pandemic, public urban greenspaces were sought as places of respite. However, deep inequities surfaced regarding who had access to safe high-quality greenspaces. The Park Perceptions and Racialized Realities study explored the experiences of racialized people in public urban greenspaces in Toronto, Canada. Methods: This qualitative, community-based participatory action research took place in two neighbourhoods. Adapting photovoice methodology, participants were invited to (a) go on two individual greenspace visits, taking photographs in response to prompts on their experiences, and (b) participate in an online semi-structured interview to debrief their photographs and experiences. Eighteen racialized participants took over 200 photographs and videos, which were collaboratively thematically analysed by a community working group. This approach informed a deeper thematic analysis focused on racial justice and equity. Results and discussion: Findings were mapped onto four environmental justice principles: distributional, procedural, recognitional, and restorative. This framework allowed for findings to contribute to environmental justice discourse on urban greenspaces, leverage Critical Race Theory, and offer action-oriented considerations for greenspace design and planning that center racialized experiences. Conclusions: Racialized residents enjoy using public urban greenspaces but face barriers, including unequal provision, limited access, maintenance inequities, exclusion from design and planning processes and unmet needs. Greenspace planning often neglects lived experiences and reinforces systemic inequities derived from racism, falling into the same traps and tensions that Critical Race Theory has identified in other disciplines such as colorblindness, interest convergence and structural determinism. A critical race lens provides a critical, justice-oriented framework for improving equity in greenspaces.",true,"Qualitative, community-based participatory action research using photovoice and a community working group to analyze greenspace experiences",true,Focus on equitable greenspace design and planning informed by a Critical Race Theory framework and community participation,3
10.1016/j.uclim.2024.102254,"The conceptualization of green infrastructure (GI) has evolved from a limited focus on individual green spaces to a more systemic approach that considers the interconnectedness of green spaces to offer a long-lasting, all-natural remedy for climate and urban challenges. This evolution has led to greater recognition of the importance of integrating GI into urban planning, significantly shaped by stakeholder participation. This paper presents a conceptual framework aimed at supporting GI planning and implementation, with a strong emphasis on stakeholders' collaboration. The framework is built upon the evolving understanding of GI, influenced by societal values, scientific advancements, collaborations, and policy frameworks. Through a systematic review of literature from 2013 to 2023, the paper examines the changing conceptions of GI, highlighting synergies and trade-offs in its application. Findings reveal that successful GI integration in urban planning requires a collaborative approach involving government, the private sector, and community groups. However, leading such collaboration effectively remains a challenge. The final conceptual framework presented in this paper outlines four stages of collaboration: the silo approach, multidisciplinary, interdisciplinary, and transdisciplinary models. By adopting a collaborative, evolving approach to GI implementation, urban areas can fully realize the potential benefits for both people and the environment.",false,This is a literature review and conceptual framework; it does not report a participatory approach used in a GI intervention.,true,"The paper focuses on green infrastructure planning and implementation and stakeholder collaboration, outlining a framework to guide GI interventions.",1
10.1016/j.cacint.2024.100186,"In rapidly developing regions, especially in emerging economies like Ghana, the decline of greenery is an urgent concern. This ongoing trend leads to the significant loss of land and green areas, which worsens environmental challenges and imposes substantial costs on Local as well as state governments. This study focuses on the Wa Municipality, examining the interplay between urbanization, regulatory policies, and human behavior in influencing green space loss. The innovation of this research lies in its integrated approach, combining qualitative insights with regression analysis to uncover complex dynamics affecting urban green spaces. Using statistical analysis and qualitative insights combined, the study revealed that while regulatory policies play a positive role in the preservation of green spaces (with a regression coefficient of Rp = 1.07, p < 0.01), both urbanization (Ur =-0.14, p <0.05) and human behavior (Hb =-0.34, p < 0.05) significantly contribute to their decline. These findings highlight the critical need for robust legal frameworks and active community engagement to mitigate the negative effects of environmental degradation. In addition, the study emphasizes the need of reducing sprawl in cities and offers an adaptable framework that can be modified to other urban situations both within and outside of the region, offering policymakers and city planners relevant data. By implementing the strategies identified in this research, stakeholders can promote sustainable urban development and protect vital green spaces, thereby ensuring a healthier environment for current and future generations.",,Qualitative insights are mentioned but the abstract does not specify active stakeholder participation or participatory methods in planning/implementation.,false,The study analyzes regulatory policies and drivers of green space loss rather than evaluating or implementing a specific green infrastructure intervention.,1
10.1016/j.indic.2024.100561,"Urbanization, a global phenomenon, has significantly transformed ecosystems, often leading to the loss of biodiversity. Despite these challenges, urban green spaces (UGS) continue to serve as essential refuges for diverse flora and fauna within cities. This study presents an interdisciplinary, hands-on project implemented at the Portuguese Higher Institute of Education and Sciences (ISEC Lisboa), employing a Project-Based Learning (PBL) approach to explore and enhance urban biodiversity awareness. Involving 75 students from ISEC Lisboa, the project effectively demonstrated the efficacy of the PBL methodology in promoting student engagement and yielding concrete outcomes, such as a comprehensive survey documenting 71 species (39 fauna and 32 flora). To amplify the project's impact, the findings were disseminated through a well-structured communication strategy, that actively involved the students, including an on-campus exhibition and the publication of both a book and an e-publication. The participation of local schools and the recognition of the project through an environmental awareness award underscored its success in connecting academic research with community education, showcasing its potential as a model for similar urban initiatives. This study highlights the significant role of UGS as powerful educational resources that foster a deeper understanding of ecological principles and promote sustainable urban living. Additionally, it emphasizes the crucial responsibility of higher education institutions in advancing biodiversity conservation, habitat protection, and advancing broader ecological priorities to support the development of resilient and sustainable urban environments.",,Abstract describes a project-based learning approach and community engagement but does not clearly describe participatory planning/decision-making processes in a greening intervention.,false,No explicit urban greening intervention described; project focuses on biodiversity awareness using urban green spaces as educational context.,1
10.1177/21582440251328921,"As urbanization accelerates, the collaborative governance of green spaces has become a critical issue for megacities seeking sustainable development. Most existing studies focus on the successful experiences of Western democracies, and there is a lack of systematic discussion on the collaborative dynamics and practices under different political systems. This paper develops a theoretical framework based on grounded theory to analyze the collaborative governance of green spaces in Chinese megacities and reveals its key dynamics. The findings indicate that principled engagement, shared motivation, and capacity for joint action are essential drivers contributing to collaborative governance in China. In a centralized system, the government achieves efficient governance through specific screening mechanisms, top-down political pressure, strong leadership and resource integration capabilities. This study provides a robust theoretical framework and empirical insights into centralized collaborative governance, offering references to the Chinese experience in enhancing the effectiveness of green space governance in global megacities.",false,"The abstract describes using grounded theory to analyze governance dynamics, but does not report active stakeholder participation in planning/implementation/evaluation as part of the study.",false,Focus is on governance of green spaces rather than on implementing a specific green infrastructure intervention.,1
10.3390/buildings15030446,"This study began from the assumption that community self-organization, characterized by independent action without external control, could be a suitable approach to developing green infrastructure and strengthening climate resilience in urban neighborhoods in Serbia. The study employed a mixed methods approach to verify this assumption, combining a technical case study and citizen survey analysis. Technical simulations demonstrated that self-organized community interventions on green infrastructure could contribute to climate resilience, even in neighborhoods with unfavorable conditions. However, the survey uncovered significant social constraints that cannot be resolved within the community, including a perceived lack of internal capacity; belief in the primacy of external actors; moderate cohesion level; lack of community platforms; limited understanding of the interconnections between resilience, climate change, and the role of green infrastructure; limited environmental literacy; and unclear collective action benefits. Based on these findings, the study proposed a multi-level and multi-phase model for improving neighborhood green infrastructure. The model emphasizes participatory citizen collaboration and applies to the current context of Serbian urban neighborhoods.",true,Mixed methods including citizen surveys and simulations; explicit emphasis on participatory citizen collaboration in a multi-level GI model,true,Investigates self-organized community GI interventions and a multi-level model to improve neighborhood green infrastructure for climate resilience,3
10.12775/EQ.2025.008,"Karachi is a metropolitan city lying on the coastline of the Arabian Sea facing the effects of climate change. Weather patterns are changing and in a transition stage as the world is facing weather variability issues, due to climate change. The existing study was performed based on the real-time rainfall in Karachi held on January 29, 30, February 2, 3, and 4th, 2024. January and February are the month of winter in Pakistan and, in the winter, such continuous rainfall spells have never been witnessed by Karachiites for a long time specifically in February rainfall has never been witnessed on such a large scale. Due to such a long dry and cold season, Karachiites used to face health problems related to Air Quality in winter. Such heavy rain changes the environmental conditions in the winter consequently people feel fresh due to clean air. Pollutants i.e., AQI, PM2.5, and SO2 have been monitored on selected days of 36 locations in Karachi. Interpolation techniques have been used in mapping. Results revealed that before the rain, in the air, all observed pollutants existed in large quantities i.e., AQI, PM2.5, and, SO2 ranged from 158.1-310.5, 70.1-260.5 mu g/m3, and 113.5-246.9 ppbV respectively declines dramatically i.e., 69.05- 111.9, 48.3-136.8 5 mu g/m3, and 50.04-99.9 ppbV after the rain. Results are analyzed through GIS analysis and further tested through Anova statistical analysis. Tree plantation and enhancing green cover can somehow reduce the contamination level of air. Therefore, instead of waiting for rain which does not usually happen in winter. Karachiites should participate in tree plantation activities/green infrastructure to clean the environment and reduce of health issues of Karachiites.",false,"No participatory method reported; study relies on GIS interpolation and statistical analysis of pollutant data with policy recommendations, not stakeholder involvement in the intervention",true,"Discusses tree plantation and expansion of green cover as potential interventions to reduce air pollution (green infrastructure), though not implemented in the study",1
10.1016/j.landusepol.2024.107385,"Urban and peri-urban forests (UPUFs) are essential components of urban landscapes that offer multiple benefits to local communities, above all to those who live in large cities. This realization has fueled the interest of the scientific community in understanding citizens' attitudes and perceptions towards UPUFs, focusing on the diverse ecosystem services they provide in social and environmental terms. However, less attention has been paid to the citizens' perceptions and attitudes about UPUFs in relation to their willingness to participate in their governance. This quantitative study aims to address this gap by identifying the main factors that affect citizens' participation in UPUFs governance. Conducted in large Italian Metropolitan Functional Urban Areas, composed of a city and its commuting zone, with a population above 500,000 inhabitants, this study provides valuable insights into citizens' willingness to participate in UPUFs governance. Results indicate that citizens' sociodemographic factors (especially education, age, and income) and the frequency of visits impact their perception of UPUFs. High positive perceptions of environmental quality and low perceptions of the negative impact of UPUFs promote active participation in governance, especially among young citizens with heightened green space sensitivity, among those dissatisfied with current green space management and those advocating for effective communication campaigns. These findings can provide a practicable scientific reference for municipalities to refine their corresponding decision-making and communication, and to devise effective urban forest programs.",false,The study uses a quantitative survey to assess factors influencing citizens' participation in governance; it does not report participatory design/implementation with stakeholders in the GI intervention itself.,true,"Focus on governance and participation in urban forest programs, relating to urban greening planning/policy rather than a single on-the-ground GI installation.",1
10.3390/buildings15020221,"Urban green development is crucial for citizen well-being and serves as a key pillar of sustainable development strategies. Collaborative governance mechanisms help address management, technical, and financial challenges in urban green development. The renovation of old residential communities within the context of urban renewal is becoming a focal point in the development of Chinese cities. To promote green development in the renovation of old residential communities in China, this study introduces the collaborative governance mechanism of government-social capital cooperation and identifies the factors influencing social capital participation in green development. A hybrid approach is proposed, combining grounded theory, IGAHP subjective weighting, CRITIC objective weighting, game theory, and ISM. This approach is applied to identify, evaluate, and analyze the factors driving social capital participation in the green renovation of old residential communities. The results indicate that government incentives and constraints, policy support, the costs and benefits of implementing green renovation, the development of green renovation technologies, and construction technical abilities significantly influence the decision-making of social capital. The findings provide theoretical support for decision-making by governments and social capital in participating in the green renovation of old residential communities and offer a methodological reference for analyzing social capital participation in other urban green development projects and for further policy formulation. Future research should focus on examining social capital involvement in other types of urban green development projects.",false,"No explicit participatory methods described; methodology relies on grounded theory, weighting techniques, game theory, and ISM, with a governance/participation focus rather than stakeholder-engaged research processes.",true,Green renovation of old residential communities constitutes an urban greening intervention within a governance framework for social capital participation.,1
10.1016/j.foar.2024.06.009,"This paper innovatively adopts an interdisciplinary method, which is urban design, combined with social investigation, statistical analysis, and case analysis. In this study, 1350 residents in 45 blocks of Lansing were selected as samples to investigate the related issues of social capital, which include safety, contact with others, and sense of support for people living in certain areas. There are two ways to measure the distance from the center of the community to the nearest green space. One is the straight distance, while the other is path distance. Through statistical analysis, the path distance of less than 250 m is also added into the variables. The results overturned the hypotheses and showed that the distance of green space was positively correlated with social capital. The residents of Lansing may prefer the distant green space for recreational activities and create a way to participate in civic duty. The research can not only provide a basis for Lansing to formulate the appropriate resource management rules and norms and promote the accumulation of residents' social capital, but also provide a reference for urban green space planning in other areas. At the same time, in the context of developing a smart city and constructing a new public system, we hope that the better optimization of the green space allocation will be achieved. (c) 2025 The Author(s). Publishing services by Elsevier B.V. on behalf of Higher Education Press and KeAi. This is an open access article under the CC BY-NC-ND license (http:// creativecommons.org/licenses/by-nc-nd/4.0/).",false,"No participatory methods described; uses interdisciplinary design, social investigation, and statistical analysis with a fixed sample of residents.",true,Examines green space allocation/planning (green infrastructure) and its relationship to social capital in an urban renewal context.,1
10.1016/j.ufug.2025.128725,"Linear green spaces, composed of street trees, shrubs, and grass, provide diverse opportunities for human-nature interaction. However, current research tends to visualize street greenery from a single perspective, such as images or planar analysis and neglects pedestrian-scale street tree visual analytics. Space syntax relies on precise urban context data input, and street view image analysis does not cover sidewalk greenery visibility. This study integrates green visibility analysis based on space syntax's Visibility Graph Analysis (VGA) with the Pedestrian Green View Index (PGVI) calculated from street imagery to propose a comprehensive evaluation model for pedestrian-scale green visibility. To validate the accuracy of the methods, we established a participation scoring system involving 183 volunteers to collect their green perceptions of nine types of streets in the City of London, UK. The study reveals a complex relationship between VGA and PGVI, with VGA providing a robust, geometricbased visibility measure and PGVI offering a qualitative, human-centric perspective on urban greenery. Our findings indicate a significant correlation between PGVI and human evaluations, affirming PGVI's potential to reflect pedestrian experiences, while highlighting the limitations of VGA in capturing the nuanced, multidimensional aspects of human perception. This underscores the necessity of integrating human feedback in urban planning tools to ensure a comprehensive understanding of green spaces. Future research should enhance methodological rigor by incorporating temporal and seasonal dynamics, expanding datasets, and exploring the interplay between green visibility and other environmental factors.",true,Involves 183 volunteers in a participation scoring system to collect perceptions of street greenery; participatory data collection embedded in the methodology.,false,Study focuses on evaluating pedestrian-scale green visibility using VGA and PGVI; does not describe implementing or testing a new greening intervention.,1
10.1016/j.landurbplan.2024.105249,"Climate-driven hazards, such as extreme heat or precipitation, are threatening the current and future livability of New York City (NYC) and disproportionately affecting low-income communities and communities of color. To envision future climate resilience, government stakeholders and researchers co-produced future scenarios for 2100 in response to climate hazards for NYC during participatory workshops in Fall 2021. A commonly co- produced strategy included urban green infrastructure (UGI) because of its potential to retain runoff and provide cooling benefits. We ask, what are the potential environmental justice implications of ecosystem services provisioned from UGI distribution in the co-produced NYC future scenario compared to a business-as-usual future scenario? To analyze potential outcomes and tradeoffs, we integrated spatially-explicit UGI strategies into simulated land use and cover models. We then assessed two ecosystem services (flood and heat mitigation) using the spatially-explicit tool Integrated Valuation of Ecosystem Services and Tradeoffs (InVEST). We explored potential environmental justice implications by comparing the provision of ecosystem services to sociodemographic indicators within census block groups between scenarios. Presently, ecosystem services are disproportionately lower for communities of color, including predominantly Asian, Black/African-American, and Hispanic/Latino communities. In future scenarios we found ecosystem service provision will decrease within these communities under business-as-usual land development. The future scenario co-produced for extreme heat resilience, however, shows an increase in overall provisioning across NYC, including in neighborhoods with a high proportion of people of color. Our results show that co-produced future scenarios can be used to inform strategic future planning for inclusive adaptation decisions to improve future climate resilience and justice.",true,Co-produced future scenarios through participatory workshops with government stakeholders and researchers,true,"Incorporation and evaluation of urban green infrastructure distribution in co-produced NYC scenarios, assessing flood/heat mitigation and environmental justice implications using InVEST",3
10.1016/j.jenvman.2024.123475,"Tree planting schemes are implemented to achieve social, cultural, economic, and environmental goals. Various frameworks and guidelines outline good governance practices to aid the achievement of these goals. However, there is rarely sufficient monitoring and reporting of tree planting schemes for it to be possible to determine whether schemes adhere to good governance practices. Here, we assessed the performance of 16 tree planting schemes in Ethiopia using focus group discussions with local communities, interviews with scheme managers and beneficiaries, remote sensing, and reviewing official documentation. We used a qualitative comparative case study approach to analyse (1) implementation adherence to three standard tools and guidelines, (2) legitimacy of schemes through beneficiary satisfaction, and (3) delivery of socioeconomic and environmental outputs. We found that most tree planting schemes did not adhere to the implementation guidelines but that those that did perform better by securing legitimacy and delivering their targeted outputs. We contend that an integrated performance assessment is vital to check whether a tree planting scheme has good governance practice and ultimately is sustainable.",true,"Used focus group discussions with local communities and interviews with scheme managers and beneficiaries, indicating participatory data collection and stakeholder engagement.",true,"Assesses tree planting schemes as urban green infrastructure and their governance, monitoring, and outcomes.",3
10.3389/fenvs.2025.1520934,"In the current climate change scenario, Mediterranean cities face heatwaves and reduced availability of freshwater alternated with intense precipitation events in short periods. The demand for water, especially for urban and tourism purposes, is rising, particularly in coastal cities. The importance of integrating nature into cities, particularly trees, has been studied for its benefits in adapting to climate change and improving quality of life. However, water scarcity in cities remains a limiting factor for ensuring the water needs of urban trees and, consequently, the ecosystem services they provide. In this study, we quantified the ecosystem services (CO2 sequestration and storage, O2 production, air pollutants removal, and hydrological effects as transpiration, water intercepted and avoided runoff) provided by urban vegetation in Faro (Algarve, Portugal), with a detailed analysis of three green spaces. We analyzed the importance given to green spaces and the community preferences. Rainwater harvesting was studied as an alternative water source for irrigation and its advantages for the urban water cycle. We found that urban vegetation across the city sequesters 1.09 x 103 t. yr-1 CO2, stores 4.01 x 103 t C, contributes to air pollutant removal (CO = 114; O3 = 3.56 x 103; NO2 = 313; SO2 = 224; PM10 = 872; PM2.5 = 70) kg. yr-1, and prevents 861 m3. yr-1 of surface runoff. In general, people inquired use to visit and value the city's green spaces, enjoy activities in nature, have definite preferences regarding green spaces, and are available to suggest actions to improve these spaces. It was confirmed that in order to maintain urban green spaces and the ecosystem services that their vegetation provides to the community, rainwater harvesting is of utmost relevance representing a reduction in drinking water for irrigation of 4.20 x 103 m3. yr-1 in the three studied green spaces.",,The abstract mentions community preferences but does not specify participatory methods used; unclear if participatory methods were employed.,true,Analyzes urban vegetation ecosystem services and rainwater harvesting as a green infrastructure/water management strategy.,1
10.3390/atmos16030258,"Intensifying heat from warming climates regularly concentrates in urban areas lacking green infrastructure in the form of green space, vegetation, and ample tree canopy cover. Nature-based interventions in older U.S. city cores can help minimize the urban heat island effect, yet neighborhoods targeted for cooling interventions may remain outside the decisional processes through which change affects their communities. This translational research seeks to address health disparities originating from the absence of neighborhood-level vegetation in core urban areas, with a focus on tree canopy cover to mitigate human susceptibility to extreme heat exposure. The development of LiDAR-based imagery enables communities to visualize the proposed greening over time and across seasons of actual neighborhood streets, thus becoming an effective communications tool in community-engaged research. These tools serve as an example of how visualization strategies can initiate unbiased discussion of proposed interventions, serve as an educational vehicle around the health impacts of climate change, and invite distributional and participatory equity for residents of low-income, nature-poor neighborhoods.",true,"Community-engaged research with LiDAR-based visualization to discuss proposed greening and promote participatory equity in low-income, nature-poor neighborhoods",true,"Focus on neighborhood-level green space interventions (tree canopy, greening) supported by visualization tools to facilitate participatory planning",3
10.1080/17535069.2024.2313211,"This article explores the conceptualisation and applicability of nature-based solutions (NBS) in the semi-arid context of Amman, Jordan. Through a Delphi survey, interviews and literature review, it investigates local experts' views, concluding that NBS are a viable approach, even in context of water scarcity and high urban temperatures. Our results advocate for a paradigm shift towards a balanced relationship between urbanisation and nature, the integration of nature-based thinking into educational systems and continuous development and training for planners and local officers. Cross-sector collaboration, a solid participatory framework, and financial mechanisms for pilot cases are essential for this transformative shift.",true,Delphi survey and interviews with local experts indicate engagement and stakeholder input in assessing NBS applicability.,true,"Investigates applicability of nature-based solutions (a form of green infrastructure) for Amman, including plans for pilot cases and cross-sector collaboration.",3
10.3390/s25030748,"Urban green-blue spaces (UGBS) are increasingly recognized for their benefits to physical and mental well-being. However, research on real-time gender-specific emotional responses to UGBS remains limited. To address this gap, a dual-method approach combining facial expression recognition (FER) and self-reported measures to investigate gender differences in real-time emotional evaluations of UGBS was developed. Using static images from Google Street View as stimuli, a self-reporting experiment involving 108 participants provided insights into subjective emotional experiences. Subsequently, a FER experiment, utilizing 360-degree video stimuli, captured over two million data points, validating the feasibility and advantages of real-time emotion monitoring. The findings revealed distinct gender-specific emotional patterns: women experienced stronger pleasant emotions and preferred scenes evoking higher arousal, while men demonstrated sharper responses and rated scenes with peak valence emotions more favorably. Grass elicited relaxation and delight in women and arousal in men, whereas blue spaces induced calmness across genders, with men reporting greater relaxation as water content increased. The study underscores the potential of FER technology in assessing real-time emotional responses, providing actionable insights for inclusive urban planning. By integrating advanced tools and participatory design approaches, urban planners can develop strategies that enhance emotional well-being and create livable cities that support diverse user needs.",false,No explicit participatory method used; study is an experimental assessment of emotions toward urban green-blue spaces and suggests participatory design for future work,false,Study analyzes emotional responses to existing urban green-blue spaces rather than implementing or evaluating a new GI intervention,1
10.3390/environments12010005,"This study investigates the potential of biochar production from urban pruning waste as a sustainable solution within a circular economy framework. Urban green waste, often underutilized, typically increases landfill burden and greenhouse gas emissions. Converting pruning waste into biochar reduces landfill reliance while enabling stable carbon sequestration. Utilizing the circular triple-layered business model canvas (CTLBMC), biochar's impact is evaluated across economic, environmental, and social dimensions. This structured analysis is based on a theoretical framework and uses secondary data to illustrate the model's applicability. As a result of the conducted studies, it was found that biochar derived from urban green waste not only improves soil phytotoxicity and enables long-term carbon sequestration, but also offers economic benefits, including municipal cost savings in waste management and diversified revenue streams from biochar sales. Socially, biochar production promotes community engagement in sustainable practices and supports urban greening initiatives, enhancing local ecosystems. The findings suggest that biochar production, assessed through the CTLBMC framework, represents a viable circular business model. This approach provides significant environmental, economic, and social benefits over conventional disposal, offering valuable insights for policymakers, waste management professionals, and urban planners advancing circular economy solutions.",false,"Uses secondary data and a theoretical framework; no participatory data collection, stakeholder engagement, or participatory design described.",true,"Biochar production from urban pruning waste improves soil health and supports urban greening initiatives, representing a circular-economy-based GI intervention",1
10.3389/frwa.2024.1504492,"Rampant urbanization and undervaluing of the natural ecosystem have detrimental impacts on urban spaces - increased flooding risk, increased air and water pollution, water stress, resource inefficiency, loss of biodiversity, and increased risk of ill health. Climate change further exacerbates the adverse impacts of urbanization. Despite the importance of the natural ecosystem, the blue and green spaces of the cities in India have drastically decreased. The present study highlights the degrading natural ecosystem, the negative impacts, and the need for resilience in Indian cities. Eco-centric approaches like nature-based solutions (NBS) are closely related to sustainability and resilience, offering a more efficient and cost-effective approach to urban development than traditional approaches. The paper explores the concept of NBS, focusing on ecosystem services as a `living' and `adaptable' tool to make cities resilient and sustainable with many regional implementations. It also focuses on the role of NBS in achieving the United Nations' Sustainable Development Goals (SDGs). The paper critically analyses the five notable NBS projects from different countries (USA, Canada, The Netherlands, China, and Australia) and further addresses the viabilities for NBS intervention in Indian cities. It is observed that the successful adaptation of NBS in urban development necessitates eco-centric policies, collaborative research, adaptive management practices, community engagement, and a strong emphasis on a multi-benefit approach. A proactive focus on ecosystem services is strongly recommended for Indian cities, which includes raising an understanding of the value of nature, introducing NBS at the planning stage, and encouraging investment in ecosystem-based approaches.",,The abstract discusses community engagement conceptually but does not specify participatory methods or data collection processes.,true,Focus on nature-based solutions (NBS) as urban green infrastructure and their viability in Indian cities.,1
10.3390/su17031329,"This paper presents the role of soil nematodes as bio-indicators of the functioning of soil-plant beds in hydrophytic vertical-flow constructed wetland (VFCW) wastewater treatment plants. This study aimed to determine the abundance and trophic composition of nematode populations in seven soil-plant beds, the third component of plant-based wastewater treatment plants designed as Nature-Based Solutions (NBSs), in line with blue-green infrastructure and the closed-loop economy. The technology of this type of treatment plant is also in line with the idea of sustainability due to the very low energy requirements of the wastewater treatment system. In addition, soil nematodes were analysed in the soil adjacent to the WWTPs to assess the differences in trophic structure between these environments. The average nematode abundance in the soil-plant beds ranged from 606,000 [N<middle dot>m-2] to 1,982,000 [N<middle dot>m-2], with bacterivorous nematodes being the most abundant trophic group (61-73% of the population). This study's results confirmed that soil-plant beds are abundantly populated by bacteria participating in key organic matter decomposition processes and nitrogen and phosphorus compound transformations, contributing to adequate wastewater treatment. The dominance of bacterivorous nematodes indicates a practical support of physicochemical and biological processes that reduce pollutant concentrations and eliminate pathogenic bacteria flowing into the deposits with the wastewater.",false,No participatory methods described; the study uses nematode community analyses in soils and constructed wetlands.,true,Investigates soil-plant beds in hydrophytic vertical-flow constructed wetlands as Nature-Based Solutions / blue-green infrastructure for wastewater treatment.,1
10.1002/ppp3.10639,"Societal Impact StatementIndia has a long history of planting trees to restore ecosystem services providing an opportunity to evaluate long-term ecosystem restoration processes. We show that these programs have shifted over time in response to public demands as well as through changes in the government's vision for forests. These shifts point towards opportunities and limits for political responsiveness in the design and implementation of restoration programs. Independent evaluations have shown that the tree planting programs we study often fail to achieve their goals, raising questions about their benefits, and risks from positioning tree planting as a panacea for social and environmental problems.Summary Aims: Interest in forest restoration has increased in recent years with the goal of increasing carbon storage, protecting biodiversity, and improving the delivery of ecosystem services to aid rural livelihoods. However, there is little systematic analysis of how this trend relates to broader histories of landscape interventions. Methods: We analyze a dataset comprising 36 years of government plantation records from the forest department of the Indian Himalayan state of Himachal Pradesh. Findings: Restoration-oriented tree planting peaked in the 1980s and 1990s with heavy domestic funding. Counter to dominant policy narratives, most plantation programs did not formally involve the participation of local people and were not funded by donors or carbon markets. Over time, planting shifted away from commercial timber species towards a more diverse set of native broadleaf species, reflecting local preferences for the production of firewood, fodder, and other non-timber forest products and ecosystem services as well as changing conceptions by government agencies about what and who a forest is meant to serve. Over time, the number of programs sponsoring tree planting has proliferated, reflecting the ways that tree planting has been framed as the solution to a growing number of problems, ranging from poverty alleviation to climate adaptation. Conclusion: The current global focus on forest restoration and nature-based climate solutions represents a reframing of long-existing policies and programs in this region. As with past policy changes, restoration practices are likely to be influenced by long-term histories, entrenched practices, and local political influences.",false,Study relies on government plantation records and historical policy analysis; no participatory research methods are described.,true,"Tree planting and restoration programs constitute green infrastructure in landscape-scale restoration, with shifts in species and governance that influence ecosystem services.",1
10.1016/j.landusepol.2024.107439,"Urban Nature-based Solutions (NBS) are increasingly employed in research and practice to address the pressing environmental, social and economic challenges affecting cities. Nonetheless, there is a noticeable lack of an overview of the scholarship on the use of NBS in the Global South (GS) focusing especially on urban contexts, even though GS cities face unique socio-ecological challenges that could be addressed with NBS, as cost-effective and sustainable alternatives to grey infrastructural interventions. Through a systematic literature review, this article aims to examine the extent to which NBS are discussed in academic literature regarding the GS. The results show that NBS in the GS are mobilised especially to address two cross-cutting issues: rapid urbanization and informal settlements, and the impacts of climate change. NBS actions are explored both to incorporate nature into the urban environment and to “re-naturalise” existing urban areas. Water-related NBS types are the most numerous, and some research gaps highlighted are the need to further explore NBS for food safety and the lack of sufficient emphasis on reducing the Urban Heat Island effect (UHI), emphasising the importance of considering the social and economic context for the inclusion of NBS in the urban policy agenda. In terms of challenges related to the implementation and the mainstreaming of NBS adoption in urban agendas, the research highlights the problems of awareness, information accessibility, and financial sustainability. Finally, the review also raises the question of the involvement of external actors, while stressing the need to balance this involvement to avoid undermining local institutional capacity and public sector participation in the planning and implementation of NBS.",false,Systematic literature review; no participatory methods described.,false,A literature review on NBS in the Global South; not reporting a concrete urban greening intervention.,1
10.3390/su17051983,"Flood risks are escalating globally due to unplanned urban expansion and the impacts of climate change, posing significant challenges for urban areas and necessitating effective mitigation strategies. Nature-based solutions (NBSs) have emerged as innovative and sustainable approaches for managing flood risks. The International Union for Conservation of Nature (IUCN) defines NBSs as actions that conserve, manage, and restore natural and modified ecosystems to address societal concerns while benefiting both people and the environment. This research focuses on developing NBS strategies for the most flood-prone area within Kochi, a city highly vulnerable to flooding. The study begins with a comprehensive site examination to identify flood sources and causes in Kochi, aiding in selecting flood vulnerability indicators. An analytical framework incorporating flood risk assessment and exposure studies using physical and social indicators, alongside GIS mapping techniques, revealed that approximately half of Kochi is affected. The study identified key vulnerability hotspots, particularly within the Central Business District (CBD), where high population density and inadequate infrastructure exacerbate flood risks. Proposed NBS interventions include restoring natural floodplains, enhancing canal capacities, creating urban forests, and establishing green infrastructure like permeable pavements and rainwater harvesting systems. Key findings emphasize the effectiveness of integrating NBSs with traditional flood management strategies, forming a mixed flood control system. These interventions mitigate flood risks, improve biodiversity, reduce the urban heat island effect, and enhance community well-being. Importantly, the research underscores the role of public participation and community-driven maintenance plans in ensuring the sustainability of NBS interventions. Aligning these strategies with Kochi's Master Plan 2040 ensures coherence with broader urban planning and climate resilience goals. The research anticipates changes in climate, land use patterns, and urban dynamics to inform NBS suitability in Kochi. Ultimately, the research demonstrates how implementing NBSs can deliver a range of socio-environmental benefits, significantly influencing urban development in vulnerable zones. By advocating for the integration of NBSs into urban infrastructure planning, this study offers a blueprint for resilient and sustainable flood management strategies that are applicable to other coastal cities facing similar challenges.",,The abstract mentions public participation as a component of NBS interventions but does not specify whether participatory methods were used in the research design or data collection.,true,"Proposes and discusses the implementation of nature-based solutions (NBS) such as restoring floodplains, canal enhancements, urban forests, permeable pavements, and rainwater harvesting.",1
10.3389/ffgc.2024.1450098,"Introduction Climate change represents one of the most pressing challenges confronting contemporary societies. Despite occupying a relatively small proportion of the Earth's surface, cities contribute disproportionately to greenhouse gas emissions. Urban forests, as a vital form of natural infrastructure, play a critical role in mitigating the adverse impacts of climate change. Effective management and conservation of these resources necessitate active engagement from diverse stakeholder groups, with women being a particularly important demographic. However, generational differences in women's perceptions of climate change and their willingness to participate in urban forest conservation have received limited investigation. This study seeks to address this gap by comparing the perceptions and conservation participation intentions of two groups of women: those belonging to Generation Z and women from earlier generations.Methods The sample comprised 401 women from Generation Z and 395 women from other generations. Data for the study were collected using a questionnaire administered through a multi-stage cluster sampling method. The collected data encompassed participants' awareness of climate change, its causes, the dual impacts of climate change and urban forests, their willingness to engage in urban forest management, and their demographic characteristics such as age, educational level, family size, family income, highest education in family, and educational levels of fathers and mothers. The analysis was conducted using both descriptive and inferential statistical methods.Results The results revealed significant generational differences in understanding climate change, recognizing the role of forests in mitigating its effects, and demonstrating willingness to engage in urban forest conservation. Across all measures, Generation Z exhibited higher levels of awareness and willingness compared to older generations. Furthermore, increased awareness of these issues in both groups was positively associated with a greater willingness to participate in urban forest management. Socio-economic factors also influenced willingness differently between the two generational groups, highlighting the nuanced effects of these variables on participation intentions.Discussion The results showed althought differences in awareness were observed between the two groups, increased awareness consistently led to a heightened willingness among both groups to participate in urban forest conservation. These findings underscore the importance of adopting intergenerational perspectives on climate change, emphasizing that educational and promotional programs must be tailored to account for generational differences to effectively maximize engagement and foster widespread participation in urban forest conservation efforts.",false,Quantitative questionnaire survey; no actual participatory planning or co-design with participants.,false,"Focus on awareness and willingness to participate in urban forest conservation, not a specific green infrastructure intervention.",1
10.1371/journal.pwat.0000308,"Urban streams are often managed in ways that contribute to societal inequities. Members of marginalized groups are frequently exposed to elevated flood risk and impaired water quality, with reduced access to essential water infrastructure and greenspace within stream corridors. The freshwater science research community has traditionally argued for stream management that improves ecological integrity, which can have the unintended consequence of steering investments away from the most degraded streams, which are often in low-income neighborhoods. We argue that it is time to reorient municipal stream management programs towards the objective of equitable delivery of benefits, which can take many forms, and to de-emphasize the goal of restoring streams to the pre-development ecological condition. To meet the objective of equitable delivery of benefits, municipalities will need to establish systems of collaborative governance, in which community organizations are empowered to participate as equal partners in urban stream management decision-making. We recognize the many practical challenges municipalities face in making these transitions, which will vary by country and region. Here, we identify some opportunities and highlight case studies illustrating how some communities are taking steps toward more equitable urban stream management.",,"The abstract discusses collaborative governance and community empowerment but does not specify any participatory research methods (e.g., participatory mapping, co-design).",true,"Focus on equitable urban stream management which includes greenspace corridors (blue-green infrastructure) and its governance; GI context is central, though the emphasis is on governance rather than a specific implementation.",1
10.3390/land14020419,"With the increasing frequency of extreme rainfall events, enhancing urban drainage systems' regulation capacity is crucial for mitigating urban flooding. Existing studies primarily analyze infrastructure impacts on peak flow delay but often lack a systematic exploration of time-lag mechanisms. This study introduces the time-lag parameter, using the hysteresis curve of the water level-flow rate relationship to quantify drainage system dynamics. An SWMM-based drainage model was developed for the Rongdong area of Xiong'an New District to evaluate the independent roles of green, gray, and blue infrastructures in peak flow reduction and time-lag modulation. The results indicate that green infrastructure extends the horizontal width and reduces the vertical height of the hysteresis curve, prolonging time lag and making it effective for small-to-medium rainfall. Gray infrastructure enhances drainage efficiency by compressing the hysteresis curve horizontally and increasing its vertical height, facilitating rapid drainage but offering limited peak reduction. Blue infrastructure, by lowering outlet water levels, improves drainage capacity and reduces time lag, demonstrating adaptability across various rainfall scenarios. This study systematically quantifies the role of each infrastructure type in time-lag regulation and proposes a collaborative optimization strategy for urban drainage system design.",false,No participatory methods reported; the study uses numerical modeling and infrastructure analysis.,true,"Evaluates the roles of green, blue, and gray infrastructure in urban drainage and time-lag regulation using a Swmm-based model.",1
10.3390/buildings15020292,"Green open space in high-density cities has positive significance in terms of improving the quality of the living environment and solving problems such as “urban diseases”. Taking the high-density urban districts of the Macau Peninsula and Monaco as examples, this study divides the planning index of open space green quantity into two dimensions: the blue-green spaces occupancy rate (BGOR) within urban land areas and the blue-green spaces visibility rate (BGVR) of the main streetscape. Using satellite remote-sensing maps, GIS databases, and street-view images, this study evaluates the current green quantity in both regions and compares them to identify best practices. This study aims to assess and enhance the green quantity found in the open spaces of high-density cities, using the Macau Peninsula and Monaco as case studies. The primary research questions are as follows: (1) How can the green quantity in open spaces be effectively measured in high-density urban environments? (2) What planning strategies can be implemented to increase the green quantity and improve the urban living environment in such areas? Therefore, this study proposes planning strategies such as three-dimensional greening, converting grey spaces to green spaces, and implementing policies to encourage public participation in greening efforts. These strategies aim to enhance the green quantity in open spaces, thereby improving the urban living environment in high-density cities like Macau and providing a reference for similar urban areas in the world.",false,No participatory research methods described; public participation is framed as a policy goal rather than data collection or stakeholder engagement in the study,true,"Proposes planning strategies to increase blue-green spaces and greening (e.g., 3D greening, converting grey to green), i.e., urban greening interventions",1
10.3390/su17010003,"Urbanization is a rapidly accelerating global phenomenon that challenges sustainable development, requiring innovative frameworks for understanding and managing urban complexity. This study explores the application of Complexity Theory in sustainable urban development, framing cities as Complex Adaptive Systems (CAS), where dynamic social, economic, environmental, and technological interactions generate emergent behaviors. A systematic literature review was conducted, analyzing 91 studies retrieved from Scopus that explicitly link Complexity Theory to urban sustainability. Key findings reveal trade-offs, such as balancing economic growth with ecological preservation and social equity, while emphasizing the role of self-organization and adaptive governance in enhancing urban resilience. Concrete examples include the application of fractal analysis in urban planning to predict sprawl and optimize infrastructure and the use of system dynamics models to align smart city initiatives with United Nations Sustainable Development Goals. Wider co-benefits identified include improved public health through integrated green infrastructure and the reinforcement of social cohesion via participatory urban planning. This research concludes that embracing Complexity Theory enables a holistic approach to urban sustainability, fostering adaptable, resilient systems that can better manage uncertainty. This study highlights the need for interdisciplinary collaboration and innovative policy frameworks to navigate the multifaceted challenges of modern urbanization.",true,"The abstract discusses participatory planning and adaptive governance as part of urban sustainability and GI governance, indicating attention to participatory methods in urban greening contexts.",false,No specific GI intervention is described or evaluated; GI is discussed only as a theoretical co-benefit within the complexity framework.,1
10.3390/land14010043,"Informal green spaces (IGSs) are vital yet under-researched urban areas that enhance biodiversity, provide ecosystem services, and improve the well-being of urban residents. However, the lack of a consistent definition and comprehensive understanding of their multifunctional roles has hindered their effective integration into urban planning. The current literature review aimed to clarify the concept of IGSs, analyze research trends, and identify further research areas. Using a combined bibliometric and systematic analysis approach, 150 articles from the Web of Science database, published from 1996 to 2024, were analyzed. The systematic analysis identified 54 relevant documents on the effects of green areas, revealing a diverse and growing body of research on IGSs, including their types, distribution, and socioeconomic contexts. The findings indicated an increasing trend in collaborative studies, using “informal green space” as the official term. This review proposed a clear and comprehensive definition of IGS, emphasizing its visibility, lack of formal recognition, minimal management, spontaneous vegetation, and temporary nature and underscoring its substantial environmental and social benefits. Furthermore, this review highlighted the need for standardized definitions and interdisciplinary studies to fully harness the potential of IGSs, thereby emphasizing their essential contribution to urban biodiversity and the regulation of urban microclimates.",false,Literature review and bibliometric/systematic analysis; no participatory data collection or involvement,false,"Review of informal green spaces and their societal/environmental roles, not an implementation of a green infrastructure intervention",1
10.3390/su17031099,"Based on complex system theory and multi-dimensional coupling analysis paradigm, this study constructs a dynamic model covering land use, real estate development, and carbon emissions, and deeply explores the internal mechanism and evolution law of land development system in the process of moving toward a low-carbon path. Firstly, through nonlinear dynamics and bifurcation analysis, this study identifies three typical transformation paths that the system may experience: gradual, transitional, and hybrid, emphasizing the nonlinear, phased, and highly context-dependent characteristics of the transformation process. On this basis, early warning indicators and robustness analysis methods are introduced, which provide operational tools for identifying critical turning points in the system and improving the effectiveness and resilience of regulatory strategies. Furthermore, this paper proposes a multi-level regulation mechanism design framework, which combines the immediate feedback with the historical cumulative effect to achieve the refined guidance of land development patterns and carbon emission paths. The results provide a scientific basis and practical enlightenment for land use optimization, green infrastructure construction, and industrial structure adjustment under the background of realizing the “3060” dual carbon goal and the reform of territorial spatial planning in China. In the future, it is necessary to strengthen the empirical calibration of parameters, data-driven optimization, and collaborative research of multiple policy tools to further improve the applicability and decision-making reference value of the model.",false,"No participatory methods are described; the study uses nonlinear dynamics, regulatory design, and policy analysis rather than stakeholder participation processes.",true,Mentions green infrastructure construction as part of land-use optimization and carbon-emission pathways within urban planning and regulatory frameworks.,1
10.3390/su17020502,"The conversion of open space to residential development increasingly continues across the United States, impacting both humans and nature. Residential development requires public input to generate meaningful places and understand contextually relevant priorities. Most municipal policies do not guarantee the provision of open spaces when residential development occurs, missing opportunities for benefits to those communities and reducing both environmental and spatial justice. This study operated a seven-state verbal questionnaire to collect and analyze a small-sample population perceptions concerning open space conservation and green space preferences towards future residential development priorities. Statistical analytical results indicated patterns, trends, and relationships within data. Although 46% of United States residents living in rural, suburban, and urban community types believe the amount of open space required in new developments should be determined on a case-by-case basis, just under half believe that requiring at least 50% open space in new developments is appropriate. More than half of Americans in the states targeted, particularly Colorado and liberal-leaning respondents, believe a lack of coherent planning will prevent open space conservation and that open space planning and conservation should be a priority for city governments. Beyond the United States, this study provides research and insight into conservation strategies that foster healthier landscapes and living environments globally.",false,Verbal questionnaire survey to collect perceptions; no participatory planning or co-design described.,false,Study focuses on open space conservation preferences rather than implementing a green infrastructure intervention.,1
10.17645/si.9041,"Despite a strong participatory discourse on the healthy city movement, researchers and activists indicate that low-income groups and city areas often are excluded from participatory urban development and do not benefit from healthy city policies. To better understand the challenges that citizens who promote a healthy urban environment in low-income areas face, we analyzed the infrastructural work of a citizens' initiative. We focused on their building of a socio-material infrastructure in an empty park surrounded by neighborhoods the municipality and other organizations classified as problematic in multiple ways. The infrastructural work consisted of experiments to attract new publics; regular work to revive a neglected garden; and negotiations with the municipality about new trees, natural play elements, and other additions to the park. However, residents' work was thwarted by institutional control over the neighborhood public and by unreliable bureaucratic interactions that resulted in endless waiting, adaptations, and failures. In this setting, citizens adjusted their infrastructural work by establishing new alliances and engaging in “garden diplomacy” to maintain constructive relationships and a hopeful perspective. The work citizens do to make new local publics should be acknowledged. Moreover, institutional obduracy and bureaucratic ambiguities form a hostile environment for citizen participation. We characterize this hostile environment as shaped by a “residual realism” that reproduces problem neighborhoods. We end with our contribution to a co-constructionist approach to public participation.",true,"Qualitative analysis of a citizens' initiative, garden diplomacy, and co-construction of public participation in urban greening processes.",true,"Park greening actions (trees, natural play elements, garden revival) implemented through citizen-led infrastructural work.",3
10.3390/socsci14010013,"The & iquest;D & oacute;nde Vive la Ciencia en su Comunidad? (where does science live in your community?) photovoice project is a community-based participatory research project that investigates the presence and influence of science within local environments. In collaboration with researchers, science, technology, engineering, mathematics (STEM) educators, and community members from the Latine community in Corona, Queens, the project investigated where science is found in our communities. Community researchers used photography to document their surroundings and identified key themes related to the role of science through technology, community health, safety, and wellness. The photovoice method elevated social justice issues through critical dialog, creating opportunities for change through collective action. Among the critical issues discussed were urban planning, specifically the impacts of gentrification on the local community and the possibilities that greening offered as a site of agency, multigenerational learning, and resistance through ways of knowing. Community researchers examined the dual nature of STEM as both a tool of control and a means for justice, interrogating whose voices and experiences are prioritized in decision-making processes. Establishing shared green spaces emerged as an act of epistemic disobedience and resistance for sustaining community health and cultural identity. The project highlights how collaborative, community-led initiatives promote the reclamation of political power through collective action and disrupt colonizing forces, offering actionable recommendations for policy, research, and practice to guide justice-oriented change.",true,Photovoice as a participatory method within a community-based participatory research framework to explore science in the community and mobilize collective action.,true,Focus on the establishment and use of shared green spaces as urban greening infrastructure informed by community-led action and justice-oriented change.,3
10.1371/journal.pone.0317691,"To promote collaborative governance of PM2.5 and O-3 pollution, understanding their spatiotemporal patterns and determining factors is crucial to control air pollution in China. Using the ground-monitored data encompassing PM2.5 and O-3 concentrations in 2019 across 337 Chinese cities, this study explores the spatiotemporal patterns of PM2.5 and O-3 concentrations, and then employed the Multi-scale Geographically Weighted Regression (MGWR) model to examine the socioeconomic and natural factors affecting PM2.5 or O-3 concentrations. The results show that PM2.5 and O-3 concentrations exhibit distinct monthly U-shaped and inverted U-shaped temporal fluctuation patterns across Chinese cities, respectively. Spatially, both pollutants manifest spatial clustering characteristic and a certain degree of bivariate spatial correlation. Elevated PM2.5 concentrations are predominantly concentrated on north and central China, as well as the Xinjiang Autonomous Region, whereas higher O-3 concentrations are distributed widely across north, east, and northwest China. The MGWR model outperforms traditional OLS and global spatial regression models, evidenced by its enhanced goodness-of-fit metrics. Specifically, the R-2 values for the PM2.5 and O-3 MGWR models are notably high, at 0.842 and 0.861, respectively. Socioeconomic and natural factors are found to have multi-scale spatial effects on PM2.5 and O-3 concentrations in China. On average, PM2.5 concentrations show positively correlations with population density, the proportion of the added value of secondary industry in GDP, wind speed, relative humidity, and atmospheric pressure, but negatively relationship with per capita GDP, road density, urban greening, air temperature, precipitation, and sunshine duration. In contrast, O-3 concentrations are also positively associated with population density, the proportion of the added value of secondary industry in GDP, energy consumption, precipitation, wind speed, atmospheric pressure, and sunshine duration, but negatively correlated with per capita GDP, road density, and air temperature. Our findings offer valuable insights to inform the development of comprehensive air pollution management policies in in developing countries.",false,Quantitative observational study using ground-monitor data and MGWR; no participant involvement.,false,No evaluation or implementation of urban greening interventions; study focuses on drivers of air pollutants,1
10.1016/j.forpol.2024.103366,"Planting trees with additional non-timber products (NTFPs) (such as fruits) in agricultural lands is emerging as an important strategy in Forest Landscape Restoration (FLR) to enhance the provision of ecosystem services and improve habitat quality. In many cases, the planting of NTFP trees follows a transition from collecting NTFPs in natural forests to integrating the respective trees into agricultural farms with ecological and socio-economic implications. Therefore, understanding the current practice and challenges of current NTFP collection and willingness for cultivation is crucial to effectively use such land-use trajectories for FLR. In this study, we investigate the case of Caesalpinia spinosa (tara), whose fruits provide an emerging NTFP in southern Ecuador. Using household data from 125 households currently collecting tara fruits, we first describe the relatively young production system and then use a Heckman two-step econometric model to identify the factors influencing the expressed willingness to cultivate tara trees on farms and the area to be cultivated. The econometric model results show that the characteristics of tara collection and trade (gender of collectors, distance to the collection site, and management practices) are important determinants of tara cultivation. However, it's the household labor availability and farm characteristics that play a significant role in impacting the willingness to cultivate. The area to be cultivated was mainly influenced by household labor and economic characteristics, and tara collection and trade (management practices) characteristics. Our findings help to understand NTFP-related landuse transitions, thus supporting the design of appropriate and specific policy interventions for the sustainable development of NTFPs.",false,Describes analysis of household survey data and econometric modeling; no participatory stakeholder engagement described.,false,Focus on NTFP-tree cultivation in FLR rather than urban green infrastructure interventions.,1
