study_id,duration_category,frequency_reported
https://doi.org/10.1016/j.jhydrol.2012.10.043,long,0
https://doi.org/10.1016/j.evalprogplan.2019.101741,short,1
https://doi.org/10.1016/S0169-2046(03)00158-0,single,0
https://doi.org/10.1016/j.landurbplan.2013.04.003,NR,0
https://doi.org/10.1016/j.landurbplan.2018.08.005,ongoing,1
https://doi.org/10.1016/j.landurbplan.2019.02.017,ongoing,0
https://doi.org/10.1016/j.landurbplan.2020.103743,intermediate,0
https://doi.org/10.1016/j.landurbplan.2025.105533,ongoing,0
https://doi.org/10.1016/j.cities.2024.105267,short,0
https://doi.org/10.1016/j.cities.2025.106239,NR,0
https://doi.org/10.1016/j.cities.2025.106303,ongoing,0
https://doi.org/10.1016/j.landusepol.2022.105987,long,0
https://doi.org/10.1016/j.landusepol.2025.107535,single,0
https://doi.org/10.1016/j.landusepol.2025.107678,short,0
https://doi.org/10.1016/j.jenvman.2019.109620,intermediate,0
https://doi.org/10.1016/j.jenvman.2021.112745,long,0
https://doi.org/10.1016/j.jenvman.2024.123076,NR,0
https://doi.org/10.1016/j.worlddev.2024.106534,long,0
https://doi.org/10.1016/j.progress.2014.10.003,intermediate,0
https://doi.org/10.1016/j.jclepro.2023.139681,NR,0
https://doi.org/10.1016/j.healthplace.2017.03.006,short,0
https://doi.org/10.1016/j.healthplace.2018.11.009,short,1
https://doi.org/10.1016/j.ufug.2006.09.005,long,0
https://doi.org/10.1016/j.ufug.2013.11.001,NR,0
https://doi.org/10.1016/j.ufug.2014.09.003,NR,0
https://doi.org/10.1016/j.ufug.2016.06.009,ongoing,1
https://doi.org/10.1016/j.ufug.2018.10.002,ongoing,1
https://doi.org/10.1016/j.ufug.2020.126955,intermediate,0
https://doi.org/10.1016/j.ufug.2025.129035,intermediate,0
https://doi.org/10.1016/j.ufug.2025.129087,single,0
https://doi.org/10.1016/j.ufug.2025.129129,intermediate,0
https://doi.org/10.1016/j.ufug.2025.129139,short,0
https://doi.org/10.1016/j.emospa.2015.07.003,short,0
https://doi.org/10.1016/j.tsc.2018.06.006,short,0
https://doi.org/10.1016/j.scs.2025.106155,short,0
https://doi.org/10.1016/j.envdev.2025.101144,ongoing,1
https://doi.org/10.1016/j.ecoser.2025.101701,short,0
https://doi.org/10.1016/j.ancene.2019.100227,ongoing,0
https://doi.org/10.1016/j.cacint.2025.100216,NR,0
https://doi.org/10.1016/j.cacint.2025.100286,ongoing,1
https://doi.org/10.1016/j.indic.2025.100683,single,0
https://doi.org/10.1016/j.nbsj.2025.100216,intermediate,0
https://doi.org/10.1016/j.nbsj.2025.100224,long,0
https://doi.org/10.1016/j.nbsj.2025.100237,NR,0
https://doi.org/10.1016/j.nbsj.2025.100250,long,0
https://doi.org/10.1016/j.nbsj.2025.100280,intermediate,0
https://doi.org/10.1016/j.nbsj.2025.100287,short,0
https://doi.org/10.1002/jcop.22414,short,1
https://doi.org/10.1007/s10460-023-10434-6,ongoing,1
https://doi.org/10.1007/s11252-022-01268-x,long,0
https://doi.org/10.1007/s11252-023-01477-y,long,0
https://doi.org/10.1007/s11252-025-01846-9,intermediate,0
,NR,0
https://doi.org/10.1007/s13201-025-02651-7,single,0
https://doi.org/10.1016/j.habitatint.2022.102651,intermediate,0
https://doi.org/10.1016/j.jaging.2024.101216,short,1
https://doi.org/10.1016/j.landusepol.2018.08.009,single,0
https://doi.org/10.1016/j.rspp.2025.100243,intermediate,1
https://doi.org/10.1016/j.ufug.2020.126799,long,1
https://doi.org/10.1038/s42949-024-00190-9,long,1
https://doi.org/10.1038/s42949-025-00252-6,long,1
https://doi.org/10.1038/s42949-025-00266-0,short,0
https://doi.org/10.1057/s41289-025-00297-0,short,0
https://doi.org/10.1080/07393148.2014.894695,ongoing,1
https://doi.org/10.1080/09654313.2025.2546938,NR,0
https://www.tandfonline.com/doi/full/10.1080/14615517.2019.1648731 ,short,0
https://doi.org/10.1080/1523908X.2022.2128310,ongoing,0
https://doi.org/10.1080/17454832.2024.2404672,short,1
https://doi.org/10.1080/17549175.2023.2218356,intermediate,0
https://journals.sagepub.com/doi/abs/10.1089/eco.2023.0068,intermediate,0
https://doi.org/10.11144/Javeriana.cvu18.ccpt,long,0
https://doi.org/10.11144/Javeriana.cvu18.evus,ongoing,1
https://doi.org/10.1186/s12889-017-4812-8,long,1
https://doi.org/10.1186/s12889-018-5661-9,short,1
https://doi.org/10.13060/23362839.2016.3.2.294,long,0
https://doi.org/10.1371/journal.pone.0268804,short,0
https://doi.org/10.1371/journal.pone.0278747,short,0
https://doi.org/10.1371/journal.pone.0304917,long,1
https://doi.org/10.14324/RFA.05.1.09,long,0
https://doi.org/10.15302/J-LAF-0-020007,NR,0
https://doi.org/10.15302/J-LAF-1-020003,long,1
https://doi.org/10.15446/rcdg.v30n2.88749,short,0
https://doi.org/10.17269/s41997-020-00374-7,intermediate,1
https://doi.org/10.17502/m.rcs.v7i2.256,ongoing,1
https://doi.org/10.17645/up.7306,ongoing,0
https://doi.org/10.18389/dearq38.2024.06,ongoing,1
https://doi.org/10.20965/jdr.2021.p0457,NR,0
https://doi.org/10.21601/ejosdr/11581,single,0
https://doi.org/10.2166/bgs.2025.043,short,0
https://doi.org/10.21834/e-bpj.v3i7.1239,intermediate,0
https://doi.org/10.21837/pm.v20i24.1215,intermediate,0
https://doi.org/10.2196/21218,ongoing,0
https://doi.org/10.22230/cjnser.2013v4n2a145,ongoing,0
https://doi.org/10.2495/SC140531,long,0
https://doi.org/10.2495/SC210231,NR,0
https://doi.org/10.26895/geosaberes.v11i0.985,NR,0
,NR,0
https://doi.org/10.30638/eemj.2025.172,NR,0
,intermediate,0
https://doi.org/10.3389/fenvs.2019.00144,single,0
https://doi.org/10.3389/fevo.2021.781587,short,0
https://doi.org/10.3389/fevo.2022.759693,long,0
https://doi.org/10.3389/fpsyg.2021.702525,NR,0
https://doi.org/10.3389/fpsyg.2022.816217,single,0
https://doi.org/10.3389/fpubh.2023.1147967,long,0
https://doi.org/10.3389/frsc.2022.835511,ongoing,0
https://doi.org/10.3389/frsc.2022.941635,NR,0
https://doi.org/10.3389/frsc.2022.944182,intermediate,1
https://doi.org/10.3389/frsc.2022.962168,intermediate,1
https://doi.org/10.3389/frsc.2024.1445754,ongoing,0
https://doi.org/10.3389/frsc.2025.1700035,intermediate,0
https://doi.org/10.3389/frsus.2025.1684196,NR,0
https://doi.org/10.3389/frwa.2021.654493,intermediate,0
https://doi.org/10.3390/ijerph17082818,intermediate,0
https://doi.org/10.3390/ijerph20176708,intermediate,0
https://doi.org/10.3390/land11122130,short,0
https://doi.org/10.3390/land12020415,intermediate,0
https://doi.org/10.3390/land12030637,ongoing,0
https://doi.org/10.3390/su11030647,single,0
https://doi.org/10.3390/su13168937,long,0
https://doi.org/10.3390/urbansci8010009,long,0
https://doi.org/10.3390/w11040738,intermediate,0
https://doi.org/10.3390/w15152712,long,0
https://doi.org/10.35844/001c.35632,long,1
https://doi.org/10.3828/tpr.2018.40,ongoing,1
https://doi.org/10.4000/espacepolitique.7878,ongoing,1
https://doi.org/10.46467/TdD39.2023.208-227,ongoing,0
https://doi.org/10.5130/ijcre.v17i1.8881,ongoing,0
https://doi.org/10.5195/jyd.2018.621,long,1
https://doi.org/10.5209/aguc.90583,NR,0
https://doi.org/10.5304/jafscd.2018.08A.010,intermediate,0
https://doi.org/10.5304/jafscd.2024.133.017,ongoing,0
https://doi.org/10.5379/urbani-izziv-en-2015-26-supplement-006,ongoing,1
https://doi.org/10.5751/ES-12432-260417,NR,0
https://doi.org/10.5964/jspp.v4i1.526,short,0
https://doi.org/10.3763/ijas.2009.0467,long,1
https://doi.org/10.1089/eco.2023.0075,short,1
https://doi.org/10.1007/s10661-025-13628-z,long,0
https://doi.org/10.1093/ijlct/ctae068,NR,0
https://doi.org/10.1007/s00267-021-01565-9,intermediate,0
https://doi.org/10.1080/14660466.2019.1568121,single,0
https://doi.org/10.1080/09640568.2023.2166818,NR,0
https://doi.org/10.1017/S1742170517000643,intermediate,1
https://doi.org/10.1080/13504509.2021.1920060,short,0
https://doi.org/10.1017/S1742170518000388,intermediate,1
https://doi.org/10.1080/21683565.2017.1331178,intermediate,0
https://doi.org/10.1177/23998083251323671,NR,0
https://doi.org/10.1080/00049158.2024.2422651,short,0
https://doi.org/10.1080/23748834.2025.2523714,short,0
https://doi.org/10.1007/s10708-023-10880-z,NR,0
https://doi.org/10.1080/09654313.2023.2263053,NR,0
https://doi.org/10.1080/07352166.2019.1607746,NR,0
https://doi.org/10.1002/2017WR020926,intermediate,0
https://doi.org/10.1007/s11355-013-0233-8,long,0
https://doi.org/10.1007/s11252-013-0304-5,intermediate,0
https://doi.org/10.1002/ppp3.70129,long,0
https://doi.org/10.1080/23748834.2020.1763892,intermediate,0
https://doi.org/10.1002/pan3.70118,short,0
https://doi.org/10.1111/1468-2427.70028,NR,0
https://doi.org/10.17645/up.v6i4.4533,intermediate,0
https://doi.org/10.1080/01944363.2011.616996,ongoing,0
https://doi.org/10.1061/JUPDDM.UPENG-4277,single,0
https://doi.org/10.1007/s11252-018-0765-7,long,1
https://doi.org/10.1080/00049182.2023.2204573,long,0
https://doi.org/10.1080/15568318.2025.2507674,long,0
https://doi.org/10.19246/DOCUGEO2281-7549/202302_15,ongoing,0
https://doi.org/10.1080/13549839.2023.2298675,short,0
https://doi.org/10.1177/00420980231208830,ongoing,1
https://doi.org/10.1080/14649365.2019.1658800,long,1
https://doi.org/10.1177/0739456X14526453,intermediate,0
https://doi.org/10.1111/anti.13048,ongoing,0
https://doi.org/10.6093/1970-9870/10836,long,0
https://doi.org/10.1080/00049158.2014.947546,ongoing,0
https://doi.org/10.1007/s10661-021-09291-9,short,0
https://doi.org/10.1002/pan3.70182,intermediate,0
https://doi.org/10.1656/058.016.0sp1013,long,1
https://doi.org/10.2166/ws.2022.118,NR,0
https://doi.org/10.1080/14693062.2025.2539140,short,0
https://doi.org/10.1177/1367877913513694,single,0
https://doi.org/10.1080/19320248.2014.962778,short,1
https://doi.org/10.1080/02697459.2016.1158065,NR,0
https://doi.org/10.1080/13549839908725579,long,0
,ongoing,1
https://doi.org/10.1080/15358593.2020.1737191,intermediate,0
https://doi.org/10.1007/s42532-020-00052-5,long,0
https://doi.org/10.1080/02697459.2017.1378971,short,0
https://doi.org/10.1353/cpr.2018.0068,long,0
https://doi.org/10.1080/10705422.2017.1413024,ongoing,1
https://doi.org/10.1080/0312407X.2017.1384032,intermediate,0
https://doi.org/10.1080/10455752.2018.1428999,long,1
https://doi.org/10.1007/s11422-015-9681-9,short,0
https://doi.org/10.14627/537629013,short,0
https://doi.org/10.13135/2384-8677/3267,short,1
https://doi.org/10.1080/23748834.2019.1604931,short,0
https://doi.org/10.1080/23748834.2019.1586327,NR,0
https://doi.org/10.1080/02763893.2012.754816,ongoing,0
https://doi.org/10.1080/0376835X.2013.797220,ongoing,1
https://doi.org/10.1080/10705422.2013.842196,short,0
https://doi.org/10.1177/08901171221131710,ongoing,0
https://doi.org/10.1080/22054952.2022.2083789,NR,0
https://doi.org/10.1080/10705422.2022.2138667,single,0
https://doi.org/10.1080/01944360802354956,long,0
https://doi.org/10.1080/13549830903166438,short,1
https://doi.org/10.1080/19320248.2010.530552,ongoing,0
https://doi.org/10.1007/s10978-020-09279-3,ongoing,0
https://doi.org/10.46754/jssm.2021.04.017,single,0
https://doi.org/10.15302/J-LAF-1-050063,intermediate,1
https://doi.org/10.1080/1573062X.2025.2553248,NR,0
https://doi.org/10.1080/17565529.2023.2277248,intermediate,1
https://doi.org/10.1080/15575330.2023.2275127,long,0
https://doi.org/10.4467/25438700SM.23.011.18170,long,0
https://doi.org/10.5814/j.issn.1674-764x.2022.03.002,NR,0
https://doi.org/10.3390/su17073152,single,0
https://doi.org/10.1080/13467581.2024.2366814,short,1
https://doi.org/10.1007/s10460-025-10757-6,long,1
https://doi.org/10.1007/s11135-025-02444-9,NR,0
https://doi.org/10.1080/26883597.2025.2572741,NR,0
https://doi.org/10.1111/inm.13149,short,0
https://doi.org/10.15302/J-LAF-1-040002,ongoing,0
https://doi.org/10.12795/HabitatySociedad.2021.i14.04,long,0
https://doi.org/10.1080/13549839.2023.2254797,long,1
https://doi.org/10.1145/3173386.3177817,NR,0
https://doi.org/10.1177/17579759231176293,intermediate,0
https://doi.org/10.1080/13527258.2021.2020879,ongoing,0
https://doi.org/10.1177/10901981211009738,short,0
https://doi.org/10.1007/s10708-025-11526-y,NR,0
https://doi.org/10.1016/j.landurbplan.2025.105342,NR,0
https://doi.org/10.3390/land14040740,intermediate,1
https://doi.org/10.3390/land12040781,short,0
https://doi.org/10.17645/up.v6i1.3515,intermediate,0
https://doi.org/10.1007/s11355-021-00468-5,short,0
https://doi.org/10.3389/fclim.2025.1639059,ongoing,1
https://doi.org/10.3390/su132313378,long,0
https://doi.org/10.3390/su17188416,intermediate,0
https://doi.org/10.6093/2281-4574/11264,ongoing,0
https://doi.org/10.3390/su10082629,long,0
https://doi.org/10.3390/su10061857,long,0
https://doi.org/10.3390/su13137357,intermediate,1
https://doi.org/10.24857/rgsa.v16n3-004,long,0
https://doi.org/10.15302/J-LAF-1-050037,intermediate,0
https://doi.org/10.70917/fce-2025-002,single,0
https://doi.org/10.3390/su14021023,intermediate,0
https://doi.org/10.3390/land14091847,single,0
https://doi.org/10.3390/su12083166,NR,0
https://doi.org/10.3390/su142114529,NR,0
https://doi.org/10.3390/su142215148,intermediate,0
https://doi.org/10.3390/su10124791,NR,0
https://doi.org/10.3390/land10121376,short,0
https://doi.org/10.3390/su12051820,short,0
https://doi.org/10.3390/su13084344,long,0
https://doi.org/10.3390/su14031499,short,0
https://doi.org/10.1016/j.ufug.2025.129170,short,0
https://doi.org/10.3390/nu16101533,intermediate,0
https://doi.org/10.3390/land14112174,NR,0
https://doi.org/10.3390/land14081558,short,0
https://doi.org/10.1108/17538331011030275,NR,0
https://doi.org/10.1093/jipm/pmx029,short,0
https://doi.org/10.3390/w10010064,NR,0
https://doi.org/10.3390/land13070985,ongoing,1
https://doi.org/10.2166/wst.2021.513,long,0
https://doi.org/10.3390/w17213084,single,0
https://doi.org/10.3390/su13052572,long,1
https://doi.org/10.3390/su14137956,intermediate,0
https://doi.org/10.3390/su17020473,short,0
https://doi.org/10.3390/su14137966,NR,0
https://doi.org/10.3390/land13010088,short,0
https://doi.org/10.3390/land12010171,short,0
https://doi.org/10.3390/su152014985,short,0
https://doi.org/10.3390/environments8060053,NR,0
https://doi.org/10.3390/su10124541,NR,0
https://doi.org/10.3390/su15086716,intermediate,0
https://doi.org/10.3390/su8121347,long,0
https://doi.org/10.3390/atmos15030372,intermediate,0
https://doi.org/10.3390/su15054092,NR,0
https://doi.org/10.3390/su13147576,intermediate,0
https://doi.org/10.3390/su17156857,NR,0
https://doi.org/10.3390/cli10060082,single,0
https://doi.org/10.3390/buildings9060151,NR,0
https://doi.org/10.3390/jzbg5020010,ongoing,1
https://doi.org/10.3390/su17219473,short,0
https://doi.org/10.3390/ijerph192013612,short,0
https://doi.org/10.3390/plants11233230,NR,0
https://doi.org/10.3390/ijerph17020486,intermediate,0
https://doi.org/10.3390/su8030198,short,1
https://doi.org/10.3390/su151612422,long,1
https://doi.org/10.3390/land14102066,long,1
https://doi.org/10.3390/su12208324,short,0
https://doi.org/10.3390/ijerph17113772,intermediate,1
https://doi.org/10.3390/w17162435,short,0
https://doi.org/10.3390/su15032297,NR,0
https://doi.org/10.3390/w14060883,short,0
https://doi.org/10.3390/su17114951,short,0
https://doi.org/10.3390/ijerph18126243,ongoing,0
https://doi.org/10.3390/land14122395,long,0
https://doi.org/10.3390/ijerph16214145,long,0
https://doi.org/10.3390/land12010055,long,1
https://doi.org/10.3390/su12229588,ongoing,0
https://doi.org/10.3390/ijerph16081337,ongoing,0
https://doi.org/10.3390/su11102788,ongoing,0
https://doi.org/10.3390/su11092659,ongoing,1
https://doi.org/10.3390/su17156781,long,1
https://doi.org/10.3390/land13081235,short,0
https://doi.org/10.3390/su15139930,short,0
https://doi.org/10.3390/su17093904,ongoing,1
https://doi.org/10.3390/su14020961,long,0
https://doi.org/10.3390/su141811631,long,1
https://doi.org/10.3390/su9112097,long,1
https://doi.org/10.3390/su13158626,short,1
https://doi.org/10.3390/f9110670,long,0
https://doi.org/10.3390/su15032000,intermediate,0
https://doi.org/10.3390/su15032478,long,0
https://doi.org/10.3390/su14169887,NR,0
https://doi.org/10.3390/buildings14061542,NR,0
https://doi.org/10.3390/su15053905,long,0
https://doi.org/10.3390/su151712760,NR,0
https://doi.org/10.3390/land11050610,short,0
https://doi.org/10.1093/cdj/bsu023,short,0
https://doi.org/10.3390/land14071466,single,0
https://doi.org/10.3390/su122410644,intermediate,0
https://doi.org/10.1002/ieam.4473,NR,0
https://doi.org/10.1108/IJDRBE-02-2023-0013,intermediate,0
https://doi.org/10.1108/JPMD-10-2017-0109,ongoing,1
https://doi.org/10.1108/17538331111153197,ongoing,0
https://doi.org/10.30827/cuadgeo.v61i1.21600,short,0
https://doi.org/10.1108/QRJ-05-2024-0108,ongoing,0
https://doi.org/10.1007/978-3-030-73399-5_7,long,0
https://doi.org/10.3390/land6030059,ongoing,0
https://doi.org/10.3389/fcosc.2025.1640398,NR,0
https://doi.org/10.11576/jsse-6498,short,1
DOI: xx.xxxxx/tureview.xxxx.xx (as reported on p. 24),NR,0
https://doi.org/10.1002/ppp3.10245,ongoing,0
https://doi.org/10.1111/rec.13672,intermediate,1
https://doi.org/10.3390/buildings14113507,short,0
https://doi.org/10.21273/HORTTECH05320-23,intermediate,1
https://doi.org/10.1108/IJSHE-12-2023-0609,ongoing,0
https://doi.org/10.3390/urbansci10010015,single,0
https://doi.org/10.3390/su13179672,long,0
https://doi.org/10.3389/fpsyt.2022.883817,intermediate,0
https://doi.org/10.1038/s41598-024-51611-9,intermediate,0
https://doi.org/10.3390/su17167412,single,0
https://doi.org/10.3390/urbansci6020041,short,0
https://doi.org/10.3389/frsc.2022.927723,long,0
https://doi.org/10.1007/s42532-022-00123-9,long,1
